id;start_date;end_date;language
1;2025-05-29T04:42:11;2025-05-28T12:35:57;ENGLISH
2;2025-05-28T17:25:44;2025-05-28T16:53:16;FRENCH
3;2025-05-29T07:26:02;2025-05-29T07:23:59;ENGLISH
4;2025-05-29T04:54:05;2025-05-28T23:00:30;ENGLISH
5;2025-05-28T12:49:10;2025-05-28T20:08:14;ENGLISH
6;2025-05-28T11:10:28;2025-05-29T00:12:28;SPANISH
7;2025-05-28T09:17:51;2025-05-28T11:35:30;SPANISH
8;2025-05-28T19:44:13;2025-05-29T02:45:38;ENGLISH
9;2025-05-28T13:07:29;2025-05-28T16:27:49;FRENCH
10;2025-05-28T22:07:49;2025-05-28T18:02:32;ENGLISH
